2,6,0,3,785,261.6666667,402,79,54852.66667,234.2064616,0.535887957,1464.858447,1
2,2,0,1,79,79,79,79,0,0,0.291379929,271.1236851,1
2,6,0,3,785,261.6666667,402,79,54852.66667,234.2064616,0.408587933,1921.251063,1
2,8,0,4,864,216,402,79,79878,282.6269626,0.778569937,1109.726897,1
2,2,0,1,79,79,79,79,0,0,0.219621897,359.7091236,1
2,6,0,3,785,261.6666667,402,79,54852.66667,234.2064616,0.416264057,1885.8222,1
2,12,0,6,1022,170.3333333,402,79,104903.3333,323.8878407,2.933730125,348.361968,1
2,32,0,10,7019,319.0454545,481,79,648046.9545,805.0136362,11.80047202,594.8067151,1
2,21,0,10,2841,258.2727273,481,41,277768.1818,527.0371731,2.814509153,1009.412244,1
2,20,0,9,1939,176.2727273,458,41,278270.1818,527.5132053,2.936766863,660.2498906,1
2,3,0,0,161,53.66666667,79,41,962.6666667,31.02687008,0.431154013,373.4164481,1
2,17,0,9,1778,222.25,458,41,215299.5,464.0037715,1.639845848,1084.248255,1
2,16,0,8,1728,216,402,79,159756,399.6948836,3.348093987,516.1145437,1
2,2,0,1,79,79,79,79,0,0,0.203522921,388.1626687,1
2,50,0,25,5586,223.44,402,79,512480.16,715.8771962,10.36124206,539.1245538,1
2,40,0,20,4320,216,402,79,399390,631.9731007,7.689033031,561.8391783,1
2,20,0,10,2611,261.1,481,79,244236.9,494.2032982,2.842247963,918.6390611,1
2,8,0,4,864,216,402,79,79878,282.6269626,0.786995173,1097.846633,1
2,6,0,3,785,261.6666667,402,79,54852.66667,234.2064616,0.344642162,2277.724799,1
2,2,0,1,79,79,79,79,0,0,0.308538914,256.0454986,1
2,6,0,3,785,261.6666667,402,79,54852.66667,234.2064616,0.377835035,2077.626283,1
2,2,0,1,79,79,79,79,0,0,0.30960393,255.16472,1
2,8,0,4,864,216,402,79,79878,282.6269626,1.580285072,546.7367978,1
2,6,0,3,785,261.6666667,402,79,54852.66667,234.2064616,0.510044098,1539.082607,1
2,2,0,1,79,79,79,79,0,0,0.07978797,990.1242055,1
2,6,0,3,785,261.6666667,402,79,54852.66667,234.2064616,0.420023918,1868.941187,1
2,2,0,1,79,79,79,79,0,0,0.289087057,273.2740815,1
2,30,0,15,3377,225.1333333,402,79,299491.7333,547.258379,5.91390419,571.0271745,1
2,8,0,4,864,216,402,79,79878,282.6269626,1.38491106,623.8667773,1
2,8,0,4,864,216,402,79,79878,282.6269626,1.358289003,636.0943789,1
2,18,0,9,2130,236.6666667,402,79,190508,436.4722213,3.62722683,587.2254756,1
2,8,0,4,864,216,402,79,79878,282.6269626,1.392863989,620.3046435,1
2,4,0,2,298,149,152,146,18,4.242640687,0.074908972,3978.161666,1
2,4,0,2,282,141,152,130,242,15.55634919,0.080014944,3524.34165,1
2,4,0,2,298,149,152,146,18,4.242640687,0.064181089,4643.112212,1
2,4,0,2,298,149,152,146,18,4.242640687,0.073246956,4068.428462,1
2,4,0,2,298,149,152,146,18,4.242640687,0.052789927,5645.016381,1
2,9,5,2,282,141,152,130,242,15.55634919,2.07070899,136.1852396,1
2,5,1,2,282,141,152,130,242,15.55634919,0.067048073,4205.937444,1
2,4,0,2,298,149,152,146,18,4.242640687,0.085680962,3478.018855,1
2,4,0,2,298,149,152,146,18,4.242640687,0.069156885,4309.043118,1
2,4,0,2,282,141,152,130,242,15.55634919,0.078989029,3570.116051,1
2,4,0,2,282,141,152,130,242,15.55634919,0.06833601,4126.667625,1
2,4,0,2,282,141,152,130,242,15.55634919,0.060124159,4690.294307,1
2,4,0,2,282,141,152,130,242,15.55634919,0.08100605,3481.22146,1
2,4,0,2,298,149,152,146,18,4.242640687,0.069468975,4289.684708,1
2,4,0,2,298,149,152,146,18,4.242640687,0.074460983,4002.095955,1
2,4,0,2,282,141,152,130,242,15.55634919,0.07242918,3893.458402,1
2,4,0,2,298,149,152,146,18,4.242640687,0.067981005,4383.57746,1
2,4,0,2,298,149,152,146,18,4.242640687,0.067291975,4428.462679,1
2,4,0,2,282,141,152,130,242,15.55634919,0.074859142,3767.074953,1
2,4,0,2,282,141,152,130,242,15.55634919,0.069348097,4066.441803,1
3,11,5,4,1897,948.5,1225,672,152904.5,391.03005,0.136750937,13871.93425,2
3,91,4,69,64803,1157.196429,1348,41,9039286.839,3006.540676,0.46430397,139570.2043,2
3,133,4,111,97159,1184.865854,1348,41,11858355.52,3443.596307,0.376196146,258266.867,2
3,84,4,66,60375,1183.823529,1348,177,7652813.412,2766.371886,0.437455893,138013.9141,2
3,237,4,192,187808,1219.532468,1348,211,19109082.34,4371.393638,0.403069019,465945.0144,2
3,112,4,89,85094,1198.507042,1348,49,10075441.75,3174.183635,0.369904041,230043.4451,2
3,92,2,76,65479,1190.527273,1348,212,6969237.709,2639.931383,0.421773911,155246.6816,2
3,4,0,2,74,37,37,37,0,0,0.249742985,296.3046192,2
3,129,4,109,96546,1206.825,1348,212,10196753.55,3193.235593,0.473529816,203885.7888,2
3,91,4,77,62853,1163.944444,1360,41,9285014.833,3047.132231,1.945861101,32300.86668,2
3,14,0,12,7826,1118,1360,304,1112232,1054.624104,0.93049407,8410.585572,2
3,140,4,131,85867,1281.597015,1348,52,4597854.119,2144.26074,0.3152349,272390.5257,2
3,16,0,13,9250,1156.25,1360,304,1112499.5,1054.750918,0.335361004,27582.21705,2
3,122,4,112,73443,1266.258621,1348,52,4698625.121,2167.631223,0.313201904,234490.9114,2
3,18,0,15,9906,1100.666667,1360,82,2143136,1463.945354,0.545641184,18154.78797,2
3,272,4,261,173558,1304.947368,1348,52,6113964.632,2472.643248,1.518186092,114319.3189,2
3,8,0,6,4258,1064.5,1360,304,781731,884.1555293,0.521750927,8160.982147,2
3,96,4,86,54243,1205.4,1348,52,6347752.8,2519.474707,0.254565954,213080.3397,2
3,14,0,12,7826,1118,1360,304,1112232,1054.624104,0.62507987,12520.00004,2
3,14,0,12,8178,1168.285714,1360,304,939651.4286,969.3561928,0.467071056,17509.1132,2
3,10,4,4,1062,531,720,342,71442,267.2863633,0.082799911,12826.10067,2
3,4,0,2,74,37,37,37,0,0,0.010612011,6973.230645,2
3,22,4,12,7922,880.2222222,1360,39,2899077.556,1702.667776,0.121975899,64947.25664,2
2,10,4,4,1419,709.5,739,680,1740.5,41.71930009,0.054620981,25979.02799,31
2,11,4,5,1434,717,738,696,882,29.69848481,0.077574968,18485.34432,31
2,33,12,14,6577,939.5714286,1360,374,593055.7143,770.1011065,1.124480963,5848.920718,32
2,12,4,5,2186,1093,1177,1009,14112,118.7939392,0.391415834,5584.853263,32
2,13,4,6,3259,1086.333333,1360,921,113964.6667,337.5865321,0.314884901,10349.8135,32
2,17,4,8,3602,720.4,1360,40,1233987.2,1110.849765,0.726001978,4961.41899,33
2,4,0,2,818,409,514,304,22050,148.492424,0.515370131,1587.208787,34
2,10,4,4,1419,709.5,739,680,1740.5,41.71930009,0.060818911,23331.55898,31
2,10,4,4,1450,725,738,712,338,18.38477631,0.069708109,20801.02334,31
2,23,8,10,5445,1089,1360,921,128130,357.9525108,1.645138025,3309.752687,32
2,24,9,10,5446,1089.2,1360,921,127908.8,357.6433978,2.163866043,2516.791655,32
2,8,1,4,3313,828.25,1360,55,993884.75,996.9376861,0.37132287,8922.154452,33
2,6,1,3,304,304,304,304,0,0,0.288403034,1054.08045,33
2,4,0,2,818,409,514,304,22050,148.492424,1.110403061,736.669439,34
2,11,4,5,1419,709.5,739,680,1740.5,41.71930009,0.040627956,34926.68906,31
2,22,8,10,5429,1085.8,1360,921,131886.8,363.1622227,1.12923789,4807.66723,32
2,23,8,11,5445,1089,1360,921,128130,357.9525108,0.807313204,6744.594259,32
2,17,4,8,3601,720.2,1360,39,1235348.8,1111.46246,0.666854143,5399.981446,33
2,4,0,2,818,409,514,304,22050,148.492424,0.557610035,1466.975034,34
2,10,4,4,1450,725,738,712,338,18.38477631,0.080394983,18035.95126,31
2,10,4,4,1450,725,738,712,338,18.38477631,0.056598902,25618.87166,31
2,22,8,10,5444,1088.8,1360,921,128290.8,358.1770512,0.595116138,9147.794268,32
2,22,8,10,5430,1086,1360,905,133496,365.3710443,0.646045923,8404.975258,32
2,17,4,8,3601,720.2,1360,39,1235348.8,1111.46246,0.84345603,4269.339328,33
2,4,0,2,818,409,514,304,22050,148.492424,0.386543989,2116.188643,34
2,10,4,4,1419,709.5,739,680,1740.5,41.71930009,0.046685934,30394.59375,31
2,10,4,4,1419,709.5,739,680,1740.5,41.71930009,0.041460991,34224.94178,31
2,23,8,11,5445,1089,1360,921,128130,357.9525108,0.781435013,6967.949875,32
2,22,8,10,5446,1089.2,1360,921,127908.8,357.6433978,0.718327999,7581.494814,32
2,18,4,8,3617,723.4,1360,55,1213755.2,1101.705587,0.827539921,4370.78612,33
2,4,0,2,818,409,514,304,22050,148.492424,0.32525897,2514.91911,34
2,10,4,4,1467,733.5,739,728,60.5,7.778174593,0.064414024,22774.54351,31
2,10,4,4,1451,725.5,739,712,364.5,19.09188309,0.067772865,21409.74848,31
2,22,8,10,5446,1089.2,1360,921,127908.8,357.6433978,0.724573851,7516.142068,32
2,23,8,11,5445,1089,1360,921,128070,357.868691,0.684834957,7950.820768,32
2,16,4,8,3602,720.4,1360,40,1233987.2,1110.849765,1.023213863,3520.280685,33
2,4,0,2,818,409,514,304,22050,148.492424,0.295737982,2765.961934,34
2,4,0,2,818,409,514,304,22050,148.492424,0.544131994,1503.311712,31
2,10,4,4,1419,709.5,739,680,1740.5,41.71930009,0.083589792,16975.75699,31
2,10,4,4,1219,609.5,877,342,143112.5,378.3021279,0.211932898,5751.820571,31
2,10,4,4,1451,725.5,739,712,364.5,19.09188309,0.057802916,25102.53999,31
2,22,8,10,5429,1085.8,1360,921,125518.8,354.2863249,0.700290918,7752.492368,32
2,22,8,10,5446,1089.2,1360,921,127908.8,357.6433978,0.654322147,8323.117324,32
2,15,4,6,3329,832.25,1154,304,477236.75,690.8232408,0.8085289,4117.35437,33
2,4,0,2,818,409,514,304,22050,148.492424,0.374575138,2183.807511,34
2,10,4,4,1418,709,738,680,1682,41.01219331,0.065639019,21603.00415,31
2,11,4,5,1451,725.5,739,712,364.5,19.09188309,0.053717852,27011.50466,31
2,23,8,10,5430,1086,1360,905,133496,365.3710443,0.670086145,8103.435711,32
2,22,8,10,5445,1089,1360,921,128130,357.9525108,0.721482038,7546.965426,32
2,15,4,6,3329,832.25,1154,304,477236.75,690.8232408,0.706163168,4714.207921,33
2,4,0,2,818,409,514,304,22050,148.492424,0.541058064,1511.852526,34
2,10,4,4,1451,725.5,739,712,364.5,19.09188309,0.048716068,29784.83387,31
2,10,4,4,1450,725,738,712,338,18.38477631,0.071645021,20238.67075,31
2,22,8,10,5445,1089,1360,921,128070,357.868691,0.693403959,7852.565488,32
2,22,8,10,5446,1089.2,1360,921,127908.8,357.6433978,0.639194965,8520.09214,32
2,15,4,6,3313,828.25,1154,304,467996.75,684.1028797,0.68298316,4850.778458,33
2,4,0,2,818,409,514,304,22050,148.492424,0.417435169,1959.585728,34
2,10,4,4,1451,725.5,739,712,364.5,19.09188309,0.063308954,22919.34873,31
2,10,4,4,1467,733.5,739,728,60.5,7.778174593,0.073328972,20005.73529,31
2,22,8,10,5429,1085.8,1360,905,133710.8,365.6648739,0.673203945,8064.420952,32
2,22,8,10,5446,1089.2,1360,921,127908.8,357.6433978,0.717300177,7592.35837,32
2,15,4,6,3329,832.25,1154,304,477236.75,690.8232408,0.575814962,5781.37113,33
2,4,0,2,818,409,514,304,22050,148.492424,0.361749887,2261.230835,34
2,10,4,4,1450,725,738,712,338,18.38477631,0.043792963,33110.34239,31
2,10,4,4,1418,709,738,680,1682,41.01219331,0.059242964,23935.33188,31
2,23,8,11,5445,1089,1360,921,128130,357.9525108,1.017062902,5353.651172,32
2,22,8,10,5445,1089,1360,921,128070,357.868691,0.686625004,7930.092801,32
2,15,4,6,3328,832,1154,304,476648,690.3969872,0.741884947,4485.870773,33
2,4,0,2,818,409,514,304,22050,148.492424,0.235442162,3474.314008,34
2,10,4,4,1451,725.5,739,712,364.5,19.09188309,0.069261074,20949.71843,31
2,10,4,4,1467,733.5,739,728,60.5,7.778174593,0.052469969,27958.85025,31
2,22,8,10,5430,1086,1360,921,131640,362.8222705,0.659366846,8235.172927,32
2,22,8,10,5444,1088.8,1360,921,128290.8,358.1770512,2.383113861,2284.406167,32
2,16,4,6,3329,832.25,1154,304,477236.75,690.8232408,1.440304041,2311.317545,33
2,4,0,2,818,409,514,304,22050,148.492424,0.41896987,1952.407701,34
2,11,4,5,1435,717.5,739,696,924.5,30.40559159,0.080253124,17880.92381,31
2,10,4,4,1450,725,738,712,338,18.38477631,0.059211016,24488.68649,31
2,22,8,10,5446,1089.2,1360,921,127908.8,357.6433978,0.712046862,7648.373012,32
2,22,8,10,5428,1085.6,1360,905,133865.2,365.8759353,0.735552073,7379.491137,32
2,15,4,7,3312,828,1154,304,467432,683.6899882,0.699053049,4737.837857,33
2,4,0,2,818,409,514,304,22050,148.492424,0.302342176,2705.543797,34
2,10,4,4,1467,733.5,739,728,60.5,7.778174593,0.055416822,26472.10604,31
2,12,5,5,1435,717.5,739,696,924.5,30.40559159,0.488384962,2938.255908,31
2,22,8,10,5429,1085.8,1360,921,125458.8,354.2016375,1.735450029,3128.295202,32
2,23,8,10,5446,1089.2,1360,921,127908.8,357.6433978,1.042191029,5225.529534,32
2,17,4,8,3602,720.4,1360,40,1233987.2,1110.849765,0.608986139,5914.74874,33
2,4,0,2,818,409,514,304,22050,148.492424,0.37874794,2159.74772,34
2,10,4,4,1466,733,738,728,50,7.071067812,0.050585985,28980.35878,31
2,10,4,4,1451,725.5,739,712,364.5,19.09188309,0.058854818,24653.88631,31
2,22,8,10,5445,1089,1360,921,128130,357.9525108,0.709124088,7678.486868,32
2,22,8,10,5446,1089.2,1360,921,127908.8,357.6433978,0.694886923,7837.24635,32
2,18,4,8,3602,720.4,1360,40,1233987.2,1110.849765,0.904129028,3983.944644,33
2,4,0,2,818,409,514,304,22050,148.492424,0.29924202,2733.573316,34
2,10,4,4,1467,733.5,739,728,60.5,7.778174593,0.058623075,25024.27564,31
2,10,4,4,1466,733,738,728,50,7.071067812,0.073625088,19911.69104,31
2,22,8,10,5446,1089.2,1360,921,127908.8,357.6433978,0.760368109,7162.320378,32
2,22,8,10,5445,1089,1360,921,128070,357.868691,0.669327974,8135.025292,32
2,17,4,7,3601,720.2,1360,39,1235348.8,1111.46246,1.146956921,3139.612252,33
2,4,0,2,818,409,514,304,22050,148.492424,0.309068203,2646.665015,34
2,27,2,17,11070,851.5384615,1348,126,3571901.231,1889.947415,0.557425976,19859.13912,35
2,11,4,5,1705,852.5,1025,680,59512.5,243.9518395,0.050821066,33549.07989,36
2,10,4,4,1705,852.5,1025,680,59512.5,243.9518395,0.059955835,28437.59895,36
2,10,4,4,2246,1123,1182,1064,6962,83.43860018,0.166843176,13461.74327,37
2,12,0,8,5182,863.6666667,1348,213,1316157.333,1147.239004,0.413594007,12529.19507,35
2,10,4,4,1689,844.5,1009,680,54120.5,232.638131,0.051056147,33081.22747,36
2,10,4,4,1689,844.5,1009,680,54120.5,232.638131,0.058678865,28783.78761,36
2,12,4,5,2229,1114.5,1181,1048,8844.5,94.0452019,0.234253883,9515.317176,37
2,22,4,12,6324,790.5,1348,213,1549520,1244.797172,0.38769412,16311.82849,35
2,10,4,4,1689,844.5,1009,680,54120.5,232.638131,0.075217962,22454.74285,36
2,10,4,4,1689,844.5,1009,680,54120.5,232.638131,0.070441008,23977.5105,36
2,23,8,11,4204,840.8,1348,253,1001410.8,1000.705151,0.167469978,25103.00677,37
2,12,0,8,5182,863.6666667,1348,213,1316157.333,1147.239004,0.412497997,12562.48523,35
2,10,4,4,1688,844,1008,680,53792,231.9310242,0.052602053,32090.00246,36
2,11,4,5,1688,844,1008,680,53792,231.9310242,0.057085991,29569.42629,36
2,10,4,4,2246,1123,1182,1064,6962,83.43860018,0.169312,13265.45074,37
2,12,0,8,5182,863.6666667,1348,213,1316157.333,1147.239004,0.442806959,11702.61644,35
2,10,4,4,1673,836.5,1009,664,59512.5,243.9518395,0.064502001,25937.17992,36
2,10,4,4,1673,836.5,1009,664,59512.5,243.9518395,0.083629847,20004.81967,36
2,10,4,4,2230,1115,1182,1048,8978,94.75230868,0.160804033,13867.81136,37
2,12,0,8,5182,863.6666667,1348,213,1316157.333,1147.239004,0.456301928,11356.51569,35
2,11,4,5,1688,844,1008,680,53792,231.9310242,0.051228046,32950.70021,36
2,11,4,5,1688,844,1008,680,53792,231.9310242,0.065082073,25936.48169,36
2,10,4,4,2230,1115,1182,1048,8978,94.75230868,0.16165185,13795.07877,37
2,12,0,8,5182,863.6666667,1348,213,1316157.333,1147.239004,0.490692139,10560.59307,35
2,10,4,4,1705,852.5,1025,680,59512.5,243.9518395,0.07831502,21771.04735,36
2,10,4,4,1705,852.5,1025,680,59512.5,243.9518395,0.079217911,21522.91046,36
2,10,4,4,2229,1114.5,1181,1048,8844.5,94.0452019,0.187107086,11912.9641,37
2,12,0,8,5182,863.6666667,1348,213,1316157.333,1147.239004,0.293268204,17669.83237,35
2,59,8,42,27967,1215.956522,1360,487,1911634.957,1382.618876,1.045915842,26739.24505,36
2,10,4,4,1705,852.5,1025,680,59512.5,243.9518395,0.065124035,26180.81025,36
2,10,4,4,2246,1123,1182,1064,6962,83.43860018,0.187799931,11959.53584,36
2,4,1,2,31,31,31,31,0,0,0.213852882,144.9594677,36
2,30,2,17,11651,776.7333333,1348,31,4228724.933,2056.386377,0.415154934,28064.22145,36
2,11,0,7,5181,863.5,1348,213,1316319.5,1147.309679,0.438843966,11806.01856,35
2,10,4,4,1705,852.5,1025,680,59512.5,243.9518395,0.064116001,26592.42576,36
2,10,4,4,1704,852,1024,680,59168,243.2447327,0.050306797,33872.16243,36
2,10,4,4,2246,1123,1182,1064,6962,83.43860018,0.184338093,12184.13387,36
2,12,0,8,5181,863.5,1348,213,1316319.5,1147.309679,0.431929111,11995.02386,35
2,10,4,4,1689,844.5,1009,680,54120.5,232.638131,0.066097975,25552.97656,36
2,10,4,4,1688,844,1008,680,53792,231.9310242,0.060409069,27942.82425,36
2,10,4,4,2245,1122.5,1181,1064,6844.5,82.7314934,0.220429182,10184.67691,36
2,12,0,8,5181,863.5,1348,213,1316319.5,1147.309679,0.543238163,9537.253369,35
2,10,4,4,1672,836,1008,664,59168,243.2447327,0.067903996,24622.9988,36
2,10,4,4,1673,836.5,1009,664,59512.5,243.9518395,0.067913055,24634.43869,36
2,11,4,5,2229,1114.5,1181,1048,8844.5,94.0452019,0.186010122,11983.21883,36
2,12,0,8,5181,863.5,1348,213,1316319.5,1147.309679,0.952471972,5439.530144,35
2,10,4,4,1688,844,1008,680,53792,231.9310242,0.052592993,32095.53043,36
2,10,4,4,1688,844,1008,680,53792,231.9310242,0.067088127,25160.93491,36
2,10,4,4,2245,1122.5,1181,1064,6844.5,82.7314934,0.187152863,11995.54188,36
2,12,0,8,5181,863.5,1348,213,1316319.5,1147.309679,0.47992897,10795.34748,35
2,10,4,4,1689,844.5,1009,680,54120.5,232.638131,0.052666903,32069.47663,36
2,10,4,4,1688,844,1008,680,53792,231.9310242,0.069422007,24315.05631,36
2,10,4,4,1091,545.5,781,310,110920.5,333.0472939,0.142946959,7632.20156,36
2,10,4,4,2245,1122.5,1181,1064,6844.5,82.7314934,0.172361851,13024.92396,36
2,28,3,13,6176,514.6666667,1348,31,2951816.667,1718.085174,1.304103136,4735.821753,35
2,10,4,4,1688,844,1008,680,53792,231.9310242,0.052228928,32319.25443,36
2,11,4,5,1688,844,1008,680,53792,231.9310242,0.060359001,27966.00288,36
2,10,4,4,2230,1115,1182,1048,8978,94.75230868,0.194342136,11474.60886,36
2,12,0,8,5181,863.5,1348,213,1316319.5,1147.309679,0.727751017,7119.193078,35
2,10,4,4,1689,844.5,1009,680,54120.5,232.638131,0.055161953,30618.93042,36
2,10,4,4,1688,844,1008,680,53792,231.9310242,0.084791899,19907.56222,36
2,10,4,4,2230,1115,1182,1048,8978,94.75230868,0.156052828,14290.03262,36
2,2,1,0,31,31,31,31,0,0,0.000181913,170410.7785,35
2,24,2,11,6145,558.6363636,1348,31,2696616.545,1642.137797,0.539911032,11381.5048,35
2,11,4,5,1705,852.5,1025,680,59512.5,243.9518395,0.053696871,31752.31581,36
2,10,4,4,1704,852,1024,680,59168,243.2447327,0.053071022,32107.91755,36
2,10,4,4,2245,1122.5,1181,1064,6844.5,82.7314934,0.193656206,11592.70877,36
2,12,0,8,5181,863.5,1348,213,1316319.5,1147.309679,0.413294077,12535.86802,35
2,10,4,4,1704,852,1024,680,59168,243.2447327,0.050909996,33470.83349,36
2,10,4,4,1704,852,1024,680,59168,243.2447327,0.069434166,24541.23235,36
2,10,4,4,2245,1122.5,1181,1064,6844.5,82.7314934,0.16738081,13412.52921,36
2,12,0,8,5181,863.5,1348,213,1316319.5,1147.309679,0.417571068,12407.46881,36
2,10,4,4,1688,844,1008,680,53792,231.9310242,0.071141005,23727.5255,36
2,10,4,4,1689,844.5,1009,680,54120.5,232.638131,0.052431107,32213.70119,36
2,10,4,4,1689,844.5,1009,680,54120.5,232.638131,0.076019049,22218.11545,36
2,10,4,4,2229,1114.5,1181,1048,8844.5,94.0452019,0.156565905,14236.81615,36
2,12,0,8,5181,863.5,1348,213,1316319.5,1147.309679,0.589213133,8793.083031,35
2,10,4,4,1688,844,1008,680,53792,231.9310242,0.12532711,13468.75386,36
2,10,4,4,1689,844.5,1009,680,54120.5,232.638131,0.084779024,19922.38077,36
2,10,4,4,2245,1122.5,1181,1064,6844.5,82.7314934,0.156867027,14311.48431,36
6,10,4,4,1314,657,762,552,22050,148.492424,0.064572096,20349.34723,41
6,22,8,10,5214,1042.8,1360,856,156994.8,396.2256933,0.741806984,7028.782571,42
6,24,8,10,5213,1042.6,1360,855,157369.2,396.6978699,1.106627941,4710.70701,42
6,28,8,13,4659,665.5714286,1360,43,1325055.714,1151.110644,0.77083993,6044.056387,43
6,24,4,10,5974,597.4,1360,31,2415072.4,1554.050321,0.706728935,8453.028739,44
6,11,4,4,1314,657,762,552,22050,148.492424,0.119113922,11031.45608,41
6,22,8,10,5214,1042.8,1360,856,156994.8,396.2256933,0.664748907,7843.563102,42
6,25,8,11,5213,1042.6,1360,855,157369.2,396.6978699,1.160555124,4491.815934,42
6,26,8,11,4676,668,1360,59,1305666,1142.657429,0.834000111,5606.713885,43
6,24,4,10,5958,595.8,1360,31,2405171.6,1550.861567,0.425203085,14012.12788,44
6,11,4,5,1314,657,762,552,22050,148.492424,0.042843819,30669.53509,41
6,24,8,10,5214,1042.8,1360,855,157246.8,396.5435663,0.967622042,5388.467579,42
6,24,8,10,5213,1042.6,1360,855,157369.2,396.6978699,1.129923105,4613.588284,42
6,27,8,12,4658,665.4285714,1360,42,1326301.714,1151.651733,0.706827164,6590.012721,43
6,39,10,15,8099,578.5,1280,31,2585759.5,1608.029695,0.36827898,21991.48047,43
6,29,4,14,11131,795.0714286,1360,31,3563278.929,1887.664941,0.351314068,31683.90059,44
6,11,4,5,1313,656.5,761,552,21840.5,147.7853173,0.062521935,21000.62978,41
6,22,8,10,5215,1043,1360,856,156872,396.0707008,0.803457975,6490.694174,42
6,24,8,10,5214,1042.8,1360,855,157246.8,396.5435663,1.028079033,5071.59453,42
6,26,7,12,4643,663.2857143,1360,42,1313769.429,1146.197814,0.878358126,5285.998802,43
6,24,4,10,5958,595.8,1360,31,2405171.6,1550.861567,0.425760984,13993.76697,44
6,10,4,4,1313,656.5,761,552,21840.5,147.7853173,0.114763975,11440.87244,41
6,23,8,10,5215,1043,1360,856,156872,396.0707008,0.968986988,5381.909215,42
6,22,8,10,5214,1042.8,1360,856,156994.8,396.2256933,0.763806105,6826.339785,42
6,27,8,12,4675,667.8571429,1360,59,1305352.857,1142.520397,0.82772398,5648.018075,43
6,24,4,10,5958,595.8,1360,31,2405171.6,1550.861567,0.471642017,12632.46229,44
6,11,4,5,1313,656.5,761,552,21840.5,147.7853173,0.059161186,22193.60503,41
6,23,8,11,5213,1042.6,1360,855,157369.2,396.6978699,0.946366072,5508.439235,42
6,23,8,10,5215,1043,1360,856,156872,396.0707008,0.851850986,6121.962741,42
6,26,8,11,4658,665.4285714,1360,42,1326301.714,1151.651733,0.809212923,5756.210593,43
6,24,4,10,5958,595.8,1360,31,2405171.6,1550.861567,0.591538906,10072.03404,44
6,10,4,4,1313,656.5,761,552,21840.5,147.7853173,0.062507153,21005.5961,41
6,22,8,10,5198,1039.6,1360,856,161097.2,401.3691568,0.699611902,7429.833574,42
6,22,8,10,5213,1042.6,1360,855,157369.2,396.6978699,0.701515913,7431.050249,42
6,27,8,12,4675,667.8571429,1360,58,1306884.857,1143.190648,0.835471153,5595.645022,42
6,29,4,14,11131,795.0714286,1360,31,3563278.929,1887.664941,0.569336891,19550.81459,44
6,10,4,4,1313,656.5,761,552,21840.5,147.7853173,0.057556152,22812.50477,41
6,24,8,11,5213,1042.6,1360,855,157369.2,396.6978699,1.472806931,3539.499911,42
6,23,8,11,5214,1042.8,1360,856,156994.8,396.2256933,1.325242996,3934.372802,42
6,28,8,13,4674,667.7142857,1360,58,1306571.429,1143.053555,1.152826071,4054.384368,43
6,24,4,10,5974,597.4,1360,31,2415072.4,1554.050321,0.582802057,10250.47857,44
6,10,4,4,1314,657,762,552,22050,148.492424,0.043210983,30408.93542,41
6,22,8,10,5215,1043,1360,856,156872,396.0707008,0.75842905,6876.055179,42
6,22,8,10,5213,1042.6,1360,855,157369.2,396.6978699,0.7491889,6958.191719,42
6,27,8,12,4675,667.8571429,1360,58,1306884.857,1143.190648,0.628695011,7436.038011,43
6,24,4,10,5974,597.4,1360,31,2415072.4,1554.050321,0.34579587,17276.08836,44
6,10,4,4,1313,656.5,761,552,21840.5,147.7853173,0.178113937,7371.685896,41
6,22,8,10,5214,1042.8,1360,855,157246.8,396.5435663,0.773601055,6739.908077,42
6,22,8,10,5214,1042.8,1360,856,156994.8,396.2256933,0.778030157,6701.539719,42
6,27,8,12,4675,667.8571429,1360,58,1306884.857,1143.190648,1.019137859,4587.210609,43
6,24,4,10,5958,595.8,1360,31,2405171.6,1550.861567,0.357656002,16658.46502,44
6,10,4,4,1314,657,762,552,22050,148.492424,0.048677921,26993.75744,41
6,23,8,10,5214,1042.8,1360,855,157246.8,396.5435663,1.017905951,5122.280695,42
6,22,8,10,5215,1043,1360,856,156872,396.0707008,0.787235975,6624.443196,42
6,27,8,12,4658,665.4285714,1360,42,1326301.714,1151.651733,0.759668827,6131.619245,43
6,24,4,10,5974,597.4,1360,31,2415072.4,1554.050321,0.417288065,14316.24938,44
6,11,4,5,1313,656.5,761,552,21840.5,147.7853173,0.044896126,29245.28513,41
6,22,8,10,5213,1042.6,1360,855,157369.2,396.6978699,0.786278963,6629.962449,42
6,22,8,10,5213,1042.6,1360,855,157369.2,396.6978699,0.827531099,6299.461137,42
6,28,8,12,4659,665.5714286,1360,42,1326619.714,1151.789787,0.917614937,5077.293114,43
6,24,4,10,5974,597.4,1360,31,2415072.4,1554.050321,0.499004841,11971.82775,44
6,29,4,15,11131,795.0714286,1360,31,3563278.929,1887.664941,0.615528107,18083.65837,46
6,10,4,4,1514,757,850,664,17298,131.5218613,0.053792953,28144.95025,46
6,10,4,4,1514,757,850,664,17298,131.5218613,0.052608013,28778.88575,46
6,56,16,23,9840,615,1360,31,2623568,1619.74319,1.245663881,7899.402196,47
6,10,4,4,1498,749,834,664,14450,120.2081528,0.049916029,30010.40008,46
6,10,4,4,1498,749,834,664,14450,120.2081528,0.089980841,16647.98849,46
6,54,16,21,9824,614,1360,31,2616534,1617.5704,1.575980902,6233.578078,47
6,10,4,4,1514,757,850,664,17298,131.5218613,0.073771,20522.96976,46
6,10,4,4,1514,757,850,664,17298,131.5218613,0.068868876,21983.80602,46
6,56,16,23,9839,614.9375,1360,31,2623270.938,1619.651486,1.390341997,7076.676113,47
6,10,4,4,1515,757.5,851,664,17484.5,132.2289681,0.06812501,22238.529,46
6,10,4,4,1515,757.5,851,664,17484.5,132.2289681,0.065947056,22972.97402,46
6,54,16,23,9840,615,1360,31,2623814,1619.819126,0.912802935,10779.98287,47
6,24,4,10,5974,597.4,1360,31,2415072.4,1554.050321,0.690579891,8650.700775,47
6,10,4,4,1498,749,834,664,14450,120.2081528,0.073707819,20323.48834,46
6,10,4,4,1499,749.5,835,664,14620.5,120.9152596,0.165056944,9081.714254,46
6,55,16,22,9826,614.125,1360,31,2617273.75,1617.799045,1.121382952,8762.394671,47
6,21,8,8,2645,661.25,851,374,127502.75,357.0752722,0.069595098,38005.55006,46
6,10,4,4,1514,757,850,664,17298,131.5218613,0.057536125,26313.9027,46
6,60,16,27,14998,749.9,1360,31,3859219.8,1964.489705,1.397114038,10734.98626,47
6,25,4,10,5974,597.4,1360,31,2415072.4,1554.050321,1.124774933,5311.284796,45
6,10,4,4,1515,757.5,851,664,17484.5,132.2289681,0.086879015,17438.04301,46
6,10,4,4,1515,757.5,851,664,17484.5,132.2289681,0.078947067,19190.0732,46
6,55,16,22,9840,615,1360,31,2623814,1619.819126,1.102838039,8922.434345,47
6,3,0,1,1306,653,965,341,194688,441.2346315,0.038664103,33778.102,45
6,23,4,10,5974,597.4,1360,31,2415072.4,1554.050321,0.490087032,12189.67164,45
6,10,4,4,1498,749,834,664,14450,120.2081528,0.069332123,21606.14646,46
6,10,4,4,1498,749,834,664,14450,120.2081528,0.056020021,26740.43961,46
6,55,16,22,9824,614,1360,31,2616288,1617.494359,1.0236938,9596.619614,47
6,10,4,4,1513,756.5,849,664,17112.5,130.8147545,0.07397294,20453.42514,46
6,10,4,4,1513,756.5,849,664,17112.5,130.8147545,0.056228161,26908.22493,46
6,55,16,23,9822,613.875,1360,31,2615517.75,1617.256241,1.158967972,8474.781218,47
6,11,4,5,1499,749.5,835,664,14620.5,120.9152596,0.082100868,18258.0286,46
6,10,4,4,1498,749,834,664,14450,120.2081528,0.069401026,21584.69537,46
6,55,16,22,9810,613.125,1360,31,2609965.75,1615.538842,1.093456984,8971.546341,47
6,20,8,8,2630,657.5,835,374,121821,349.0286521,0.086617947,30363.22266,46
6,10,4,4,1498,749,834,664,14450,120.2081528,0.085361004,17548.99699,46
6,55,16,23,9808,613,1360,31,2608976,1615.232491,1.104798079,8877.640349,47
6,10,4,4,1499,749.5,835,664,14620.5,120.9152596,0.075644016,19816.50465,46
6,10,4,4,1498,749,834,664,14450,120.2081528,0.054194212,27641.32821,46
6,55,16,24,9810,613.125,1360,31,2609965.75,1615.538842,1.091601133,8986.799024,47
6,24,4,10,5974,597.4,1360,31,2415072.4,1554.050321,1.09535408,5453.94417,45
6,10,4,4,1498,749,834,664,14450,120.2081528,0.077861071,19239.39637,46
6,10,4,4,1499,749.5,835,664,14620.5,120.9152596,0.055819035,26854.63859,46
6,56,16,22,9809,613.0625,1360,31,2609418.938,1615.369598,1.094051123,8965.760189,47
